{"cameraMode":{"drawMode":0,"name":"Shaded","section":"Shading Mode"},"sceneLighting":true,"audioPlay":false,"sceneViewState":{"m_AlwaysRefresh":false,"showFog":true,"showSkybox":true,"showFlares":true,"showImageEffects":true,"showParticleSystems":true,"showVisualEffectGraphs":true,"m_FxEnabled":true},"in2DMode":false,"pivot":{"x":-0.07310152053833008,"y":8.239584922790528,"z":-0.18008995056152345},"rotation":{"x":-0.09165272116661072,"y":-0.02479591593146324,"z":0.002282850444316864,"w":-0.9954842925071716},"size":8.507912635803223,"orthographic":false}