{"cameraMode":{"drawMode":0,"name":"Shaded","section":"Shading Mode"},"sceneLighting":false,"audioPlay":false,"sceneViewState":{"m_AlwaysRefresh":false,"showFog":false,"showSkybox":false,"showFlares":false,"showImageEffects":false,"showParticleSystems":false,"showVisualEffectGraphs":true,"m_FxEnabled":true},"in2DMode":false,"pivot":{"x":0.018485546112060548,"y":3.9839835166931154,"z":0.2681546211242676},"rotation":{"x":0.16004718840122224,"y":0.035575021058321,"z":-0.005706874653697014,"w":0.9866641759872437},"size":6.148364067077637,"orthographic":false}