{"cameraMode":{"drawMode":0,"name":"Shaded","section":"Shading Mode"},"sceneLighting":false,"audioPlay":false,"sceneViewState":{"m_AlwaysRefresh":false,"showFog":true,"showSkybox":false,"showFlares":true,"showImageEffects":true,"showParticleSystems":true,"showVisualEffectGraphs":true,"m_FxEnabled":true},"in2DMode":false,"pivot":{"x":-2.184065818786621,"y":5.586319446563721,"z":3.5561516284942629},"rotation":{"x":0.11185992509126663,"y":-0.11155450344085694,"z":0.012637291103601456,"w":0.9873678684234619},"size":0.13928374648094178,"orthographic":false}